{
    "orders": [
        {
            "orderId": "O1255",
            "name": "Books&Pillows",
            "price": "$23.99",
            "status": "delivered"
        },
        {
            "orderId": "O1295",
            "name": "Patio & Garden",
            "price": "$23.99",
            "status": "readydeliver"
        },
        {
            "orderId": "O1225",
            "name": "Furniture & Decor",
            "price": "$23.99",
            "status": "readydeliver"
        },
        {
            "orderId": "O1285",
            "name": "Bench Cushions",
            "price": "$23.99",
            "status": "readydeliver"
        },
        {
            "orderId": "O1455",
            "name": "Bench Cushions",
            "price": "$23.99",
            "status": "readydeliver"
        },
        {
            "orderId": "O1055",
            "name": "Chaise Lounge Cushions",
            "price": "$23.99",
            "status": "readydeliver"
        },
        {
            "orderId": "O1293",
            "name": "Cushion Sets",
            "price": "$23.99",
            "status": "readydeliver"
        }
    ],
    "wishlist": [
        {
            "itemId": "O3255",
            "name": "Pencils",
            "quanity": "4",
            "price": "$23.99"
        },
        {
            "itemId": "O9955",
            "name": "Pens",
            "quanity": "4",
            "price": "$23.99"
        },
        {
            "itemId": "O9355",
            "name": "Books",
            "quantity": "3",
            "price": "$23.99"
        },
        {
            "itemId": "O5655",
            "name": "Tables",
            "quantity": "10",
            "price": "$23.99"
        },
        {
            "itemId": "O8955",
            "name": "Whiteboards",
            "quantity": "5",
            "price": "$23.99"
        },
        {
            "itemId": "O1435",
            "name": "Books",
            "quantity": "3",
            "price": "$23.99"
        },
        {
            "itemId": "O1625",
            "name": "Books",
            "quantity": "3",
            "price": "$23.99"
        },
        {
            "itemId": "O1055",
            "name": "Books",
            "quantity": "3",
            "price": "$100.99"
        },
        {
            "itemId": "O0955",
            "name": "chairs",
            "quantity": "4",
            "price": "$200.99"
        },
        {
            "itemId": "O1755",
            "name": "Mats",
            "quantity": "3",
            "price": "$23.99"
        },
        {
            "itemId": "O1250",
            "name": "Computers",
            "quantity": "15",
            "price": "$23000.99"
        },
        {
            "itemId": "O1051",
            "name": "CdDrives",
            "quantity": "20",
            "price": "$230.99"
        },
        {
            "itemId": "O1852",
            "name": "Notebooks",
            "quantity": "20",
            "price": "$250.99"
        },
        {
            "itemId": "O1459",
            "name": "Watches",
            "quantity": "6",
            "price": "$300.99"
        },
        {
            "itemId": "O1755",
            "name": "CricketBats",
            "quantity": "10",
            "price": "$2300.99"
        },
        {
            "itemId": "O1955",
            "name": "Footbal",
            "quantity": "4",
            "price": "$3003.99"
        },
        {
            "itemId": "O1555",
            "name": "Sunglasses",
            "quantity": "10",
            "price": "$200.99"
        },
        {
            "itemId": "O1255",
            "name": "Hats",
            "quantity": "10",
            "price": "$200.99"
        },
        {
            "itemId": "O1459",
            "name": "Shoes",
            "quantity": "3",
            "price": "$400.99"
        },
        {
            "itemId": "O1356",
            "name": "Mobiles",
            "quantity": "8",
            "price": "$4000.99"
        },
        {
            "itemId": "O1255",
            "name": "camaras",
            "quantity": "6",
            "price": "$3000.99"
        },
        {
            "itemId": "O1254",
            "name": "Pencils",
            "quantity": "15",
            "price": "$200.99"
        },
        {
            "itemId": "O1252",
            "name": "ColorSkeches",
            "quantity": "15",
            "price": "$200.99"
        },
        {
            "itemId": "O1259",
            "name": "MobilePhones",
            "quantity": "8",
            "price": "$300.99"
        },
        {
            "itemId": "O1258",
            "name": "trekkingshoes",
            "quantity": "3",
            "price": "$23.99"
        },
        {
            "itemId": "O1256",
            "name": "trekkingpants",
            "quantity": "7",
            "price": "$400.99"
        }
    ]
}